origin,destination
Discovery Bay  CA,San Antonio  TX
San Antonio  TX,Discovery Bay  CA
Discovery Bay  CA,Eagle Mountain  UT
Eagle Mountain  UT,Discovery Bay  CA
Discovery Bay  CA,Ely  MN
Ely  MN,Discovery Bay  CA
Discovery Bay  CA,Freehold  NJ
Freehold  NJ,Discovery Bay  CA
Discovery Bay  CA,Hyannis  MA
Hyannis  MA,Discovery Bay  CA
Portland  OR,Lake Worth  FL
Lake Worth  FL,Portland  OR
Portland  OR,Cimarron  KS
Cimarron  KS,Portland  OR
Portland  OR,Corona  CA
Corona  CA,Portland  OR
Portland  OR,Benson  NC
Benson  NC,Portland  OR
Portland  OR,McDonough  GA
McDonough  GA,Portland  OR
Portland  OR,Grand Rapids  OH
Grand Rapids  OH,Portland  OR
Portland  OR,San Francisco  CA
San Francisco  CA,Portland  OR
Portland  OR,Alice  TX
Alice  TX,Portland  OR
Portland  OR,Mullia Hill  NJ
Mullia Hill  NJ,Portland  OR
Ocilla  GA,Powell  WY
Powell  WY,Ocilla  GA
Ocilla  GA,Fullerton  CA
Fullerton  CA,Ocilla  GA
Ocilla  GA,Corona del Mar  CA
Corona del Mar  CA,Ocilla  GA
Ocilla  GA,Silverton  OR
Silverton  OR,Ocilla  GA
Ocilla  GA,Parkland  WA
Parkland  WA,Ocilla  GA
Ocilla  GA,Cedar Falls  IA
Cedar Falls  IA,Ocilla  GA
Ocilla  GA,Bunnell  FL
Bunnell  FL,Ocilla  GA
Louisville  KY,Springfield  IL
Springfield  IL,Louisville  KY
Louisville  KY,Lower Lake  CA
Lower Lake  CA,Louisville  KY
Louisville  KY,Madera  CA
Madera  CA,Louisville  KY
Louisville  KY,Norman  OK
Norman  OK,Louisville  KY
Louisville  KY,Western Springs  IL
Western Springs  IL,Louisville  KY
Louisville  KY,Montpelier  OH
Montpelier  OH,Louisville  KY
Louisville  KY,Auburn  MI
Auburn  MI,Louisville  KY
Louisville  KY,Westminster  CO
Westminster  CO,Louisville  KY
Louisville  KY,Alexandria  VA
Alexandria  VA,Louisville  KY
Louisville  KY,Mount Vernon  WA
Mount Vernon  WA,Louisville  KY
Louisville  KY,Bishop  CA
Bishop  CA,Louisville  KY
Louisville  KY,Anchorage  AK
Anchorage  AK,Louisville  KY
Louisville  KY,Tonopah  NV
Tonopah  NV,Louisville  KY
Louisville  KY,Lincolnton  NC
Lincolnton  NC,Louisville  KY
Louisville  KY,Kansas City  KS
Kansas City  KS,Louisville  KY
Louisville  KY,White Bluff  TN
White Bluff  TN,Louisville  KY
Louisville  KY,Lincoln  CA
Lincoln  CA,Louisville  KY
Louisville  KY,Youngsville  NM
Youngsville  NM,Louisville  KY
Louisville  KY,Colorado Springs  CO
Colorado Springs  CO,Louisville  KY
Chicago  IL,Goodyear  AZ
Goodyear  AZ,Chicago  IL
Chicago  IL,Cedar  UT
Cedar  UT,Chicago  IL
Chicago  IL,Louisville  KY
Louisville  KY,Chicago  IL
Chicago  IL,Tarzana  CA
Tarzana  CA,Chicago  IL
Chicago  IL,Providence  RI
Providence  RI,Chicago  IL
Chicago  IL,Orlando  FL
Orlando  FL,Chicago  IL
Chicago  IL,Bowling Green  KY
Bowling Green  KY,Chicago  IL
Chicago  IL,Sea Isle City  NJ
Sea Isle City  NJ,Chicago  IL
Chicago  IL,White Sand Missile Range - North Ocuro Peak  NM
White Sand Missile Range - North Ocuro Peak  NM,Chicago  IL
Rancho Santa Margarita  CA,Morgan Hill  CA
Morgan Hill  CA,Rancho Santa Margarita  CA
Rancho Santa Margarita  CA,San Jose  CA
San Jose  CA,Rancho Santa Margarita  CA
Rancho Santa Margarita  CA,Andover  MN
Andover  MN,Rancho Santa Margarita  CA
Rancho Santa Margarita  CA,Springfield  OH
Springfield  OH,Rancho Santa Margarita  CA
Rancho Santa Margarita  CA,Edina  MN
Edina  MN,Rancho Santa Margarita  CA
Rancho Santa Margarita  CA,Goshen  NY
Goshen  NY,Rancho Santa Margarita  CA
Rancho Santa Margarita  CA,Grand Haven  MI
Grand Haven  MI,Rancho Santa Margarita  CA
Omaha  NE,Emmaus  PA
Emmaus  PA,Omaha  NE
Omaha  NE,El Cajon  CA
El Cajon  CA,Omaha  NE
Omaha  NE,Crete  IL
Crete  IL,Omaha  NE
Omaha  NE,Highspire  PA
Highspire  PA,Omaha  NE
Omaha  NE,Lancaster  PA
Lancaster  PA,Omaha  NE
Omaha  NE,Baytown  TX
Baytown  TX,Omaha  NE
Omaha  NE,Aztec  NM
Aztec  NM,Omaha  NE
Omaha  NE,Newark  DE
Newark  DE,Omaha  NE
Omaha  NE,Silver Spring  MD
Silver Spring  MD,Omaha  NE
Omaha  NE,Cleveland  OH
Cleveland  OH,Omaha  NE
Omaha  NE,Mobile  AL
Mobile  AL,Omaha  NE
Los Angeles  CA,Franklin Furnance  OH
Franklin Furnance  OH,Los Angeles  CA
Los Angeles  CA,Westboro  MO
Westboro  MO,Los Angeles  CA
Los Angeles  CA,Aiken  SC
Aiken  SC,Los Angeles  CA
Los Angeles  CA,Redding  CA
Redding  CA,Los Angeles  CA
Los Angeles  CA,Frisco  TX
Frisco  TX,Los Angeles  CA
Los Angeles  CA,Summerland Key  FL
Summerland Key  FL,Los Angeles  CA
Los Angeles  CA,Redondo Beach  CA
Redondo Beach  CA,Los Angeles  CA
Los Angeles  CA,Indian Trail  NC
Indian Trail  NC,Los Angeles  CA
Los Angeles  CA,Eldorado  TX
Eldorado  TX,Los Angeles  CA
Los Angeles  CA,Destin  FL
Destin  FL,Los Angeles  CA
Los Angeles  CA,Bartlett  TN
Bartlett  TN,Los Angeles  CA
Jacksonville  FL,Springfield  VA
Springfield  VA,Jacksonville  FL
Jacksonville  FL,Galt  CA
Galt  CA,Jacksonville  FL
Spokane Valley  WA,Lompoc  CA
Lompoc  CA,Spokane Valley  WA
Spokane Valley  WA,Cut Bank  MT
Cut Bank  MT,Spokane Valley  WA
Spokane Valley  WA,Dublin  CA
Dublin  CA,Spokane Valley  WA
Spokane Valley  WA,Acworth  GA
Acworth  GA,Spokane Valley  WA
Spokane Valley  WA,Royal Palm Beach  FL
Royal Palm Beach  FL,Spokane Valley  WA
Spokane Valley  WA,Twin Falls  ID
Twin Falls  ID,Spokane Valley  WA
Spokane Valley  WA,Springfield  VA
Springfield  VA,Spokane Valley  WA
Spokane Valley  WA,San Antonio  TX
San Antonio  TX,Spokane Valley  WA
Spokane Valley  WA,Boston  MA
Boston  MA,Spokane Valley  WA
San Diego  CA,Live Oak  FL
Live Oak  FL,San Diego  CA
San Diego  CA,Pass Christian  MS
Pass Christian  MS,San Diego  CA
San Diego  CA,Fullerton  CA
Fullerton  CA,San Diego  CA
San Diego  CA,Montebello  CA
Montebello  CA,San Diego  CA
San Diego  CA,Irvine  CA
Irvine  CA,San Diego  CA
San Diego  CA,Lake Havasu City  AZ
Lake Havasu City  AZ,San Diego  CA
San Diego  CA,Kaanapali  HI
Kaanapali  HI,San Diego  CA
San Diego  CA,Palm Springs  CA
Palm Springs  CA,San Diego  CA
San Diego  CA,Adairsville  GA
Adairsville  GA,San Diego  CA
San Diego  CA,Kingman  AZ
Kingman  AZ,San Diego  CA
San Diego  CA,Elk Grove  CA
Elk Grove  CA,San Diego  CA
San Diego  CA,Savannah  GA
Savannah  GA,San Diego  CA
San Diego  CA,Sumter  SC
Sumter  SC,San Diego  CA
San Diego  CA,Biloxi  MS
Biloxi  MS,San Diego  CA
San Diego  CA,La Crescenta  CA
La Crescenta  CA,San Diego  CA
San Diego  CA,Claverack  NY
Claverack  NY,San Diego  CA
San Diego  CA,Gulfport  MS
Gulfport  MS,San Diego  CA
Albuquerque  NM,Sacramento  CA
Sacramento  CA,Albuquerque  NM
Albuquerque  NM,Jessup  GA
Jessup  GA,Albuquerque  NM
Albuquerque  NM,Lafayette  LA
Lafayette  LA,Albuquerque  NM
Albuquerque  NM,Rome  GA
Rome  GA,Albuquerque  NM
Albuquerque  NM,Hurst  TX
Hurst  TX,Albuquerque  NM
Albuquerque  NM,Richmond Hill  GA
Richmond Hill  GA,Albuquerque  NM
Albuquerque  NM,Braintree  VT
Braintree  VT,Albuquerque  NM
Albuquerque  NM,Terre Haute  IN
Terre Haute  IN,Albuquerque  NM
Albuquerque  NM,Sandy Hook  MS
Sandy Hook  MS,Albuquerque  NM
Albuquerque  NM,Attleboro  MA
Attleboro  MA,Albuquerque  NM
Blue Springs  MO,Lowell  AR
Lowell  AR,Blue Springs  MO
Blue Springs  MO,Rogers  AR
Rogers  AR,Blue Springs  MO
Blue Springs  MO,Chillicothe  OH
Chillicothe  OH,Blue Springs  MO
Blue Springs  MO,Plano  TX
Plano  TX,Blue Springs  MO
Blue Springs  MO,Delran  NJ
Delran  NJ,Blue Springs  MO
Blue Springs  MO,Detroit  MI
Detroit  MI,Blue Springs  MO
Blue Springs  MO,Madison  VA
Madison  VA,Blue Springs  MO
Lake Wales  FL,Rochester  NY
Rochester  NY,Lake Wales  FL
Lake Wales  FL,Palm Springs  CA
Palm Springs  CA,Lake Wales  FL
Lake Wales  FL,Grapevine  TX
Grapevine  TX,Lake Wales  FL
Lake Wales  FL,Buffalo  NY
Buffalo  NY,Lake Wales  FL
Lake Wales  FL,Palestine  TX
Palestine  TX,Lake Wales  FL
Lake Wales  FL,Chevy Chase  MD
Chevy Chase  MD,Lake Wales  FL
Lake Wales  FL,Pittsboro  NC
Pittsboro  NC,Lake Wales  FL
Coto de Caza  CA,Modesto  CA
Modesto  CA,Coto de Caza  CA
Coto de Caza  CA,Plano  TX
Plano  TX,Coto de Caza  CA
Coto de Caza  CA,Huntsville  AL
Huntsville  AL,Coto de Caza  CA
Coto de Caza  CA,Kennebec  SD
Kennebec  SD,Coto de Caza  CA
Fort Pierce  FL,Reno  NV
Reno  NV,Fort Pierce  FL
Fort Pierce  FL,Death Valley  CA
Death Valley  CA,Fort Pierce  FL
Fort Pierce  FL,Bell Buckle  TN
Bell Buckle  TN,Fort Pierce  FL
Fort Pierce  FL,New River  AZ
New River  AZ,Fort Pierce  FL
Huntington Station  NY,Denton  TX
Denton  TX,Huntington Station  NY
Huntington Station  NY,Carmichael  CA
Carmichael  CA,Huntington Station  NY
Huntington Station  NY,San Diego  CA
San Diego  CA,Huntington Station  NY
Huntington Station  NY,Enon  OH
Enon  OH,Huntington Station  NY
Huntington Station  NY,Gastonia  NC
Gastonia  NC,Huntington Station  NY
Huntington Station  NY,Clearwater  FL
Clearwater  FL,Huntington Station  NY
Lewes  DE,Pennsauken  NJ
Pennsauken  NJ,Lewes  DE
Lewes  DE,Seligman  AZ
Seligman  AZ,Lewes  DE
Lewes  DE,Sommerset  OH
Sommerset  OH,Lewes  DE
North Bergen  NJ,Lake Havasu City  AZ
Lake Havasu City  AZ,North Bergen  NJ
North Bergen  NJ,San Diego  CA
San Diego  CA,North Bergen  NJ
North Bergen  NJ,Mission Hills  CA
Mission Hills  CA,North Bergen  NJ
North Bergen  NJ,Mountain House  CA
Mountain House  CA,North Bergen  NJ
Tacoma  WA,Winnemucca  NV
Winnemucca  NV,Tacoma  WA
Tacoma  WA,Wyoming  RI
Wyoming  RI,Tacoma  WA
Colorado Springs  CO,Rockdale  TX
Rockdale  TX,Colorado Springs  CO
Colorado Springs  CO,Winter Park  FL
Winter Park  FL,Colorado Springs  CO
Colorado Springs  CO,Chicago  IL
Chicago  IL,Colorado Springs  CO
Colorado Springs  CO,Rabun Gap  GA
Rabun Gap  GA,Colorado Springs  CO
Colorado Springs  CO,Lumberton  TX
Lumberton  TX,Colorado Springs  CO
Colorado Springs  CO,Tipton  MO
Tipton  MO,Colorado Springs  CO
Colorado Springs  CO,Pearland  TX
Pearland  TX,Colorado Springs  CO
Colorado Springs  CO,Mundelein  IL
Mundelein  IL,Colorado Springs  CO
Colorado Springs  CO,Chippewa Falls  WI
Chippewa Falls  WI,Colorado Springs  CO
Mount Pleasant  MI,Austin  TX
Austin  TX,Mount Pleasant  MI
Mount Pleasant  MI,Boiling Springs  PA
Boiling Springs  PA,Mount Pleasant  MI
Mount Pleasant  MI,Greencastle  PA
Greencastle  PA,Mount Pleasant  MI
Mount Pleasant  MI,Williamston  SC
Williamston  SC,Mount Pleasant  MI
Mount Pleasant  MI,Gainesville  GA
Gainesville  GA,Mount Pleasant  MI
Mount Pleasant  MI,Mount Vernon  MO
Mount Vernon  MO,Mount Pleasant  MI
Mount Pleasant  MI,Charleori  PA
Charleori  PA,Mount Pleasant  MI
Mount Pleasant  MI,Danbury  CT
Danbury  CT,Mount Pleasant  MI
Mount Pleasant  MI,Kings Mountain  NC
Kings Mountain  NC,Mount Pleasant  MI
Mount Pleasant  MI,Warwood  WV
Warwood  WV,Mount Pleasant  MI
Boise  ID,Glen Burnie  MD
Glen Burnie  MD,Boise  ID
Boise  ID,Modesto  CA
Modesto  CA,Boise  ID
Boise  ID,Duluth  MN
Duluth  MN,Boise  ID
Boise  ID,Bloomington  IL
Bloomington  IL,Boise  ID
Boise  ID,Aurora  CO
Aurora  CO,Boise  ID
Boise  ID,Attleboro  MA
Attleboro  MA,Boise  ID
Boise  ID,Kirtland  OH
Kirtland  OH,Boise  ID
Boise  ID,Fayetteville  AR
Fayetteville  AR,Boise  ID
Boise  ID,Cocoa Beach  FL
Cocoa Beach  FL,Boise  ID
Heath  OH,Forsyth  GA
Forsyth  GA,Heath  OH
Heath  OH,Taft  CA
Taft  CA,Heath  OH
Heath  OH,Sandy Hook  MS
Sandy Hook  MS,Heath  OH
